"Transaction ID",Item,Quantity,"Price Per Unit","Total Spent","Payment Method",Location,"Transaction Date"
TXN_1961373,Coffee,2,2,4.0,"Credit Card",Takeaway,2023-09-08
TXN_4977031,Cake,4,3,12.0,Cash,In-store,2023-05-16
TXN_3160411,Coffee,2,2,4.0,"Digital Wallet",In-store,2023-06-11
TXN_2548360,Salad,5,5,25.0,Cash,Takeaway,2023-11-07
TXN_7619095,Sandwich,2,4,8.0,Cash,In-store,2023-05-03
TXN_2847255,Salad,3,5,15.0,"Credit Card",In-store,2023-11-15
TXN_6769710,Juice,2,3,6.0,Cash,In-store,2023-02-24
TXN_3709394,Juice,4,3,12.0,Cash,Takeaway,2023-01-15
TXN_3567645,Smoothie,4,4,16.0,"Credit Card",Takeaway,2023-03-30
TXN_5132361,Sandwich,3,4,12.0,"Digital Wallet",Takeaway,2023-12-01
TXN_9400181,Sandwich,5,4,20.0,Cash,In-store,2023-06-03
TXN_5183041,Cookie,5,1,5.0,"Credit Card",In-store,2023-04-20
TXN_5695074,Juice,4,3,12.0,"Credit Card",Takeaway,2023-04-10
TXN_8853997,Smoothie,2,4,8.0,"Digital Wallet",Takeaway,2023-10-09
TXN_1080432,Salad,2,5,10.0,"Credit Card",In-store,2023-04-29
TXN_8078640,Juice,4,3,12.0,"Digital Wallet",In-store,2023-11-03
TXN_8614868,Smoothie,5,4,20.0,"Digital Wallet",Takeaway,2023-12-05
TXN_6421134,Sandwich,4,4,16.0,Cash,Takeaway,2023-11-03
TXN_3068204,Cookie,1,1,1.0,"Credit Card",Takeaway,2023-10-03
TXN_2621580,Tea,2,1.5,3.0,Cash,In-store,2023-03-22
TXN_4726376,Cake,2,3,6.0,"Credit Card",In-store,2023-01-31
TXN_6420335,Coffee,1,2,2.0,Cash,Takeaway,2023-07-16
TXN_3829165,Juice,4,3,12.0,Cash,In-store,2023-06-15
TXN_3748616,Coffee,2,2,4.0,"Credit Card",In-store,2023-12-09
TXN_5266394,Cake,3,3,9.0,Cash,In-store,2023-10-28
TXN_8976658,Tea,2,1.5,3.0,"Credit Card",In-store,2023-08-16
TXN_5220895,Salad,5,5,25.0,Cash,In-store,2023-06-10
TXN_3085509,Coffee,4,2,8.0,"Digital Wallet",In-store,2023-04-15
TXN_9999113,Juice,4,3,12.0,Cash,Takeaway,2023-05-27
TXN_8779771,Coffee,4,2,8.0,Cash,In-store,2023-07-25
TXN_3808639,Juice,2,3,6.0,"Digital Wallet",Takeaway,2023-12-15
TXN_4358673,Cookie,5,1,5.0,"Digital Wallet",Takeaway,2023-12-28
TXN_4368416,Salad,2,5,10.0,"Credit Card",Takeaway,2023-02-24
TXN_6258471,Coffee,5,2,10.0,"Digital Wallet",In-store,2023-09-23
TXN_4685453,Tea,4,1.5,6.0,Cash,In-store,2023-09-14
TXN_9096052,Smoothie,4,4,16.0,"Credit Card",Takeaway,2023-12-28
TXN_5916991,Juice,2,3,6.0,"Digital Wallet",Takeaway,2023-02-06
TXN_3407169,Sandwich,2,4,8.0,Cash,In-store,2023-03-11
TXN_2181545,Juice,4,3,12.0,"Credit Card",Takeaway,2023-07-14
TXN_1150033,Juice,5,3,15.0,Cash,In-store,2023-04-18
TXN_8700451,Tea,5,1.5,7.5,"Credit Card",Takeaway,2023-12-12
TXN_6380550,Coffee,5,2,10.0,Cash,In-store,2023-01-05
TXN_4885518,Salad,3,5,15.0,"Credit Card",In-store,2023-06-10
TXN_5072031,Cake,2,3,6.0,Cash,Takeaway,2023-03-23
TXN_1928241,Coffee,3,2,6.0,Cash,In-store,2023-04-30
TXN_4283157,Salad,5,5,25.0,"Digital Wallet",In-store,2023-11-25
TXN_1648671,Sandwich,3,4,12.0,Cash,Takeaway,2023-05-21
TXN_4062737,Cake,3,3,9.0,Cash,In-store,2023-07-02
TXN_9249507,Cookie,4,1,4.0,"Credit Card",In-store,2023-11-21
TXN_9836934,Cookie,3,1,3.0,"Digital Wallet",In-store,2023-03-13
TXN_3925836,Cookie,3,1,3.0,"Digital Wallet",In-store,2023-02-16
TXN_3978874,Smoothie,5,4,20.0,"Credit Card",In-store,2023-03-13
TXN_8007337,Cake,2,3,6.0,"Digital Wallet",Takeaway,2023-11-01
TXN_5365809,Cake,3,3,9.0,Cash,In-store,2023-09-14
TXN_6629480,Smoothie,5,4,20.0,"Credit Card",In-store,2023-02-28
TXN_7412722,Juice,4,3,12.0,Cash,In-store,2023-04-07
TXN_6000201,Cookie,3,1,3.0,Cash,Takeaway,2023-02-16
TXN_2950680,Coffee,2,2,4.0,"Credit Card",Takeaway,2023-12-10
TXN_4088917,Coffee,3,2,6.0,Cash,Takeaway,2023-02-04
TXN_3779366,Cookie,1,1,1.0,"Digital Wallet",In-store,2023-04-15
TXN_3171373,Smoothie,3,4,12.0,"Credit Card",In-store,2023-05-10
TXN_3857960,Salad,4,5,20.0,Cash,In-store,2023-04-26
TXN_9250710,Salad,1,5,5.0,Cash,In-store,2023-05-28
TXN_9879996,Coffee,4,2,8.0,"Digital Wallet",In-store,2023-03-01
TXN_4291940,Cake,3,3,9.0,"Credit Card",In-store,2023-11-13
TXN_5047447,Salad,1,5,5.0,"Digital Wallet",Takeaway,2023-12-27
TXN_6623508,Cookie,5,1,5.0,"Digital Wallet",Takeaway,2023-05-18
TXN_2230167,Cake,4,3,12.0,"Digital Wallet",Takeaway,2023-09-22
TXN_3786188,Tea,3,1.5,4.5,"Credit Card",In-store,2023-10-20
TXN_9642066,Sandwich,3,4,12.0,"Credit Card",In-store,2023-08-31
TXN_6616971,Juice,2,3,6.0,"Digital Wallet",Takeaway,2023-09-02
TXN_7803615,Salad,3,5,15.0,Cash,In-store,2023-12-13
TXN_1583597,Salad,1,5,5.0,Cash,In-store,2023-05-10
TXN_8472308,Cookie,2,1,2.0,"Digital Wallet",Takeaway,2023-08-19
TXN_1967565,Smoothie,5,4,20.0,"Credit Card",Takeaway,2023-03-31
TXN_2029497,Sandwich,2,4,8.0,Cash,Takeaway,2023-01-06
TXN_7852990,Sandwich,5,4,20.0,"Digital Wallet",Takeaway,2023-07-10
TXN_2059647,Tea,1,1.5,1.5,"Digital Wallet",In-store,2023-05-29
TXN_2485183,Smoothie,5,4,20.0,Cash,In-store,2023-07-07
TXN_9401522,Sandwich,4,4,16.0,"Digital Wallet",In-store,2023-11-16
TXN_8250651,Sandwich,4,4,16.0,"Digital Wallet",In-store,2023-03-13
TXN_8982764,Cake,5,3,15.0,"Digital Wallet",Takeaway,2023-11-23
TXN_1153869,Smoothie,5,4,20.0,"Credit Card",Takeaway,2023-11-03
TXN_7557340,Tea,5,1.5,7.5,"Credit Card",In-store,2023-12-11
TXN_1157817,Smoothie,1,4,4.0,"Digital Wallet",In-store,2023-04-25
TXN_2020318,Tea,3,1.5,4.5,"Digital Wallet",In-store,2023-10-12
TXN_2031459,Cake,3,3,9.0,Cash,Takeaway,2023-07-04
TXN_4912930,Smoothie,3,4,12.0,"Credit Card",In-store,2023-02-26
TXN_3723007,Tea,3,1.5,4.5,"Digital Wallet",In-store,2023-05-18
TXN_7559388,Salad,4,5,20.0,"Digital Wallet",Takeaway,2023-02-26
TXN_8540499,Cookie,3,1,3.0,Cash,In-store,2023-01-22
TXN_6795640,Cookie,4,1,4.0,"Digital Wallet",Takeaway,2023-01-28
TXN_6702428,Coffee,5,2,10.0,Cash,Takeaway,2023-08-11
TXN_5523450,Salad,5,5,25.0,"Credit Card",Takeaway,2023-07-02
TXN_7838964,Sandwich,3,4,12.0,"Credit Card",In-store,2023-06-15
TXN_7275407,Smoothie,2,4,8.0,"Digital Wallet",In-store,2023-10-20
TXN_9472241,Salad,3,5,15.0,Cash,Takeaway,2023-06-30
TXN_1846004,Juice,3,3,9.0,Cash,In-store,2023-05-21
TXN_7773968,Sandwich,5,4,20.0,"Digital Wallet",Takeaway,2023-02-24
TXN_9081088,Tea,2,1.5,3.0,Cash,Takeaway,2023-02-27
TXN_1130191,Smoothie,2,4,8.0,Cash,In-store,2023-04-06
TXN_1040764,Coffee,3,2,6.0,Cash,Takeaway,2023-07-27
TXN_2100697,Coffee,3,2,6.0,"Digital Wallet",Takeaway,2023-09-19
TXN_4134594,Sandwich,3,4,12.0,"Digital Wallet",In-store,2023-09-27
TXN_5079340,Cookie,4,1,4.0,Cash,In-store,2023-08-18
TXN_1380601,Tea,4,1.5,6.0,"Digital Wallet",In-store,2023-03-11
TXN_2052395,Smoothie,3,4,12.0,"Credit Card",In-store,2023-07-06
TXN_8256593,Salad,2,5,10.0,"Digital Wallet",Takeaway,2023-08-09
TXN_9271457,Cake,3,3,9.0,"Digital Wallet",In-store,2023-02-27
TXN_5392603,Coffee,1,2,2.0,Cash,In-store,2023-05-14
TXN_9263299,Cookie,2,1,2.0,"Credit Card",Takeaway,2023-10-08
TXN_1436343,Cookie,1,1,1.0,"Credit Card",In-store,2023-11-26
TXN_7480234,Salad,1,5,5.0,Cash,Takeaway,2023-05-10
TXN_1454467,Juice,3,3,9.0,Cash,In-store,2023-03-15
TXN_8224079,Cookie,5,1,5.0,Cash,In-store,2023-10-16
TXN_1916339,Cake,1,3,3.0,Cash,In-store,2023-07-15
TXN_8611035,Sandwich,5,4,20.0,"Digital Wallet",In-store,2023-05-28
TXN_3595735,Tea,4,1.5,6.0,"Digital Wallet",Takeaway,2023-03-26
TXN_6169633,Salad,4,5,20.0,"Credit Card",Takeaway,2023-12-20
TXN_4518102,Tea,5,1.5,7.5,"Credit Card",In-store,2023-02-08
TXN_3666858,Cake,4,3,12.0,"Credit Card",In-store,2023-12-27
TXN_5499915,Cookie,2,1,2.0,"Digital Wallet",Takeaway,2023-02-01
TXN_1564754,Salad,3,5,15.0,"Digital Wallet",In-store,2023-03-14
TXN_1824506,Cake,1,3,3.0,Cash,In-store,2023-03-02
TXN_1002457,Cookie,5,1,5.0,"Digital Wallet",Takeaway,2023-09-29
TXN_4732351,Sandwich,1,4,4.0,"Digital Wallet",In-store,2023-04-22
TXN_4980036,Cake,2,3,6.0,Cash,Takeaway,2023-01-05
TXN_3022839,Coffee,5,2,10.0,"Digital Wallet",Takeaway,2023-08-25
TXN_7701070,Coffee,5,2,10.0,"Credit Card",Takeaway,2023-07-28
TXN_8048037,Sandwich,2,4,8.0,"Digital Wallet",Takeaway,2023-03-31
TXN_1887522,Sandwich,4,4,16.0,Cash,In-store,2023-02-20
TXN_6769465,Juice,5,3,15.0,"Digital Wallet",In-store,2023-06-13
TXN_4980282,Cake,1,3,3.0,"Digital Wallet",In-store,2023-10-22
TXN_8209125,Cookie,3,1,3.0,"Credit Card",Takeaway,2023-01-30
TXN_3730415,Cake,4,3,12.0,"Credit Card",Takeaway,2023-04-09
TXN_4134253,Tea,4,1.5,6.0,Cash,In-store,2023-10-07
TXN_7558641,Coffee,1,2,2.0,"Digital Wallet",In-store,2023-12-22
TXN_3234877,Coffee,4,2,8.0,Cash,Takeaway,2023-07-29
TXN_6368719,Cake,4,3,12.0,"Credit Card",Takeaway,2023-01-03
TXN_8852585,Sandwich,4,4,16.0,"Credit Card",Takeaway,2023-01-05
TXN_9201010,Salad,1,5,5.0,"Credit Card",Takeaway,2023-03-15
TXN_3607652,Salad,4,5,20.0,"Digital Wallet",In-store,2023-06-05
TXN_8502094,Juice,5,3,15.0,"Credit Card",In-store,2023-03-21
TXN_9068244,Sandwich,5,4,20.0,"Digital Wallet",Takeaway,2023-10-19
TXN_7633490,Cookie,1,1,1.0,Cash,Takeaway,2023-10-27
TXN_9292230,Tea,4,1.5,6.0,"Credit Card",In-store,2023-07-14
TXN_8006668,Tea,4,1.5,6.0,"Credit Card",In-store,2023-12-22
TXN_3560062,Cookie,1,1,1.0,Cash,In-store,2023-03-20
TXN_6360132,Sandwich,4,4,16.0,Cash,Takeaway,2023-09-16
TXN_7864939,Sandwich,3,4,12.0,"Digital Wallet",In-store,2023-08-19
TXN_3740963,Salad,2,5,10.0,"Digital Wallet",Takeaway,2023-01-22
TXN_6063966,Juice,2,3,6.0,"Digital Wallet",Takeaway,2023-10-24
TXN_3779640,Tea,1,1.5,1.5,"Digital Wallet",In-store,2023-05-16
TXN_8136881,Salad,3,5,15.0,Cash,In-store,2023-08-28
TXN_3981449,Smoothie,2,4,8.0,Cash,In-store,2023-06-21
TXN_4033802,Tea,3,1.5,4.5,Cash,Takeaway,2023-03-02
TXN_4696439,Cookie,1,1,1.0,Cash,In-store,2023-05-27
TXN_8826983,Smoothie,5,4,20.0,Cash,In-store,2023-01-14
TXN_2947822,Cake,4,3,12.0,"Digital Wallet",In-store,2023-10-27
TXN_2493446,Sandwich,1,4,4.0,Cash,Takeaway,2023-05-19
TXN_4538354,Juice,3,3,9.0,Cash,Takeaway,2023-04-21
TXN_2690314,Tea,5,1.5,7.5,Cash,In-store,2023-08-10
TXN_2968827,Salad,5,5,25.0,"Digital Wallet",Takeaway,2023-09-14
TXN_1387401,Cookie,4,1,4.0,Cash,In-store,2023-10-19
TXN_3917193,Juice,5,3,15.0,"Credit Card",Takeaway,2023-11-17
TXN_2062854,Sandwich,4,4,16.0,"Digital Wallet",Takeaway,2023-12-01
TXN_5624860,Tea,3,1.5,4.5,"Credit Card",Takeaway,2023-08-22
TXN_3381656,Cake,5,3,15.0,Cash,Takeaway,2023-10-26
TXN_1183995,Salad,5,5,25.0,"Digital Wallet",Takeaway,2023-03-28
TXN_7578769,Sandwich,5,4,20.0,"Digital Wallet",Takeaway,2023-01-30
TXN_3515664,Coffee,2,2,4.0,Cash,Takeaway,2023-09-25
TXN_6422433,Sandwich,5,4,20.0,"Digital Wallet",Takeaway,2023-05-09
TXN_4669664,Cookie,1,1,1.0,"Digital Wallet",In-store,2023-12-21
TXN_2213556,Coffee,1,2,2.0,Cash,In-store,2023-05-30
TXN_3826038,Salad,1,5,5.0,Cash,Takeaway,2023-10-20
TXN_7380277,Sandwich,4,4,16.0,"Digital Wallet",Takeaway,2023-04-24
TXN_9266394,Cookie,2,1,2.0,"Credit Card",In-store,2023-07-12
TXN_6152588,Coffee,3,2,6.0,Cash,Takeaway,2023-11-21
TXN_5739806,Smoothie,3,4,12.0,"Credit Card",In-store,2023-09-18
TXN_9228978,Coffee,5,2,10.0,"Digital Wallet",In-store,2023-02-09
TXN_1124753,Salad,4,5,20.0,"Digital Wallet",In-store,2023-10-19
TXN_7611120,Juice,2,3,6.0,Cash,Takeaway,2023-03-30
TXN_6316959,Tea,2,1.5,3.0,Cash,In-store,2023-11-10
TXN_2265984,Cookie,5,1,5.0,"Credit Card",Takeaway,2023-10-18
TXN_1123138,Salad,1,5,5.0,Cash,In-store,2023-02-10
TXN_9212503,Salad,2,5,10.0,"Digital Wallet",Takeaway,2023-10-08
TXN_2806243,Salad,4,5,20.0,"Digital Wallet",Takeaway,2023-01-14
TXN_3286932,Cookie,1,1,1.0,"Digital Wallet",Takeaway,2023-07-11
TXN_3481470,Salad,4,5,20.0,"Credit Card",In-store,2023-12-24
TXN_3469469,Cookie,1,1,1.0,"Digital Wallet",In-store,2023-10-25
TXN_4998786,Cake,5,3,15.0,"Credit Card",Takeaway,2023-10-25
TXN_2126408,Cookie,3,1,3.0,Cash,Takeaway,2023-10-19
TXN_8958593,Juice,5,3,15.0,"Digital Wallet",In-store,2023-07-08
TXN_2383598,Sandwich,2,4,8.0,"Digital Wallet",In-store,2023-09-19
TXN_2211685,Smoothie,1,4,4.0,"Credit Card",In-store,2023-06-06
TXN_5933480,Sandwich,3,4,12.0,"Digital Wallet",In-store,2023-09-04
TXN_5447508,Sandwich,3,4,12.0,"Digital Wallet",Takeaway,2023-06-28
TXN_5686113,Sandwich,5,4,20.0,"Digital Wallet",In-store,2023-09-09
TXN_3397609,Smoothie,2,4,8.0,"Digital Wallet",In-store,2023-07-22
TXN_9347203,Sandwich,5,4,20.0,Cash,In-store,2023-04-15
TXN_3383926,Cake,3,3,9.0,Cash,Takeaway,2023-07-08
TXN_6905718,Salad,5,5,25.0,"Credit Card",In-store,2023-02-20
TXN_7993951,Tea,2,1.5,3.0,"Digital Wallet",Takeaway,2023-12-14
TXN_9097641,Cake,4,3,12.0,Cash,Takeaway,2023-12-16
TXN_8536115,Cake,1,3,3.0,"Credit Card",Takeaway,2023-07-11
TXN_2915281,Cookie,1,1,1.0,"Digital Wallet",In-store,2023-07-01
TXN_3468006,Smoothie,3,4,12.0,"Credit Card",Takeaway,2023-07-28
TXN_7604541,Juice,4,3,12.0,"Credit Card",In-store,2023-04-16
TXN_9238689,Cake,1,3,3.0,"Digital Wallet",In-store,2023-03-09
TXN_2601689,Salad,4,5,20.0,"Digital Wallet",Takeaway,2023-01-14
TXN_6428182,Cake,5,3,15.0,Cash,In-store,2023-11-10
TXN_6830557,Coffee,3,2,6.0,"Digital Wallet",Takeaway,2023-11-08
TXN_6371264,Smoothie,5,4,20.0,Cash,Takeaway,2023-02-27
TXN_9236713,Cookie,5,1,5.0,Cash,In-store,2023-09-13
TXN_4690833,Cake,1,3,3.0,Cash,Takeaway,2023-05-23
TXN_7946489,Juice,1,3,3.0,Cash,Takeaway,2023-09-11
TXN_8661288,Salad,2,5,10.0,"Digital Wallet",Takeaway,2023-01-27
TXN_6111710,Salad,3,5,15.0,"Credit Card",In-store,2023-06-18
TXN_1773873,Salad,5,5,25.0,"Credit Card",Takeaway,2023-06-10
TXN_4570711,Sandwich,4,4,16.0,"Credit Card",In-store,2023-12-11
TXN_5242469,Coffee,4,2,8.0,"Credit Card",Takeaway,2023-04-01
TXN_1655100,Cake,4,3,12.0,"Credit Card",Takeaway,2023-12-20
TXN_1526864,Smoothie,3,4,12.0,"Digital Wallet",In-store,2023-01-27
TXN_9866728,Juice,1,3,3.0,Cash,In-store,2023-10-26
TXN_1706201,Coffee,3,2,6.0,"Credit Card",In-store,2023-08-23
TXN_2498488,Smoothie,2,4,8.0,"Digital Wallet",Takeaway,2023-12-06
TXN_4431179,Sandwich,3,4,12.0,"Digital Wallet",Takeaway,2023-08-13
TXN_2108894,Sandwich,4,4,16.0,"Credit Card",In-store,2023-10-30
TXN_6347472,Tea,1,1.5,1.5,"Digital Wallet",In-store,2023-03-22
TXN_8345723,Sandwich,1,4,4.0,"Digital Wallet",Takeaway,2023-08-27
TXN_2178964,Tea,4,1.5,6.0,Cash,Takeaway,2023-12-25
TXN_6581437,Coffee,5,2,10.0,"Digital Wallet",Takeaway,2023-10-23
TXN_6128621,Salad,3,5,15.0,"Digital Wallet",In-store,2023-11-10
TXN_4512118,Coffee,2,2,4.0,"Digital Wallet",Takeaway,2023-04-20
TXN_4961655,Juice,5,3,15.0,Cash,Takeaway,2023-05-06
TXN_5595352,Juice,1,3,3.0,Cash,In-store,2023-02-20
TXN_1869814,Tea,1,1.5,1.5,"Digital Wallet",Takeaway,2023-05-24
TXN_6910915,Tea,4,1.5,6.0,"Digital Wallet",Takeaway,2023-05-06
TXN_5229169,Juice,2,3,6.0,"Credit Card",Takeaway,2023-09-08
TXN_5576265,Smoothie,4,4,16.0,"Credit Card",Takeaway,2023-04-08
TXN_1046394,Smoothie,1,4,4.0,Cash,In-store,2023-04-29
TXN_2269396,Coffee,3,2,6.0,"Digital Wallet",In-store,2023-10-26
TXN_9263967,Cookie,3,1,3.0,"Credit Card",In-store,2023-09-14
TXN_2914088,Salad,5,5,25.0,Cash,In-store,2023-03-22
TXN_6571898,Juice,3,3,9.0,"Digital Wallet",Takeaway,2023-02-02
TXN_2108486,Juice,4,3,12.0,"Digital Wallet",Takeaway,2023-12-28
TXN_5315441,Smoothie,5,4,20.0,"Digital Wallet",In-store,2023-10-31
TXN_9196322,Cookie,4,1,4.0,"Digital Wallet",In-store,2023-08-12
TXN_7838465,Sandwich,3,4,12.0,"Credit Card",Takeaway,2023-06-15
TXN_2447261,Cookie,3,1,3.0,"Credit Card",Takeaway,2023-10-15
TXN_1460963,Coffee,3,2,6.0,Cash,In-store,2023-02-10
TXN_6691767,Salad,2,5,10.0,Cash,Takeaway,2023-02-05
TXN_6932070,Tea,4,1.5,6.0,"Credit Card",In-store,2023-06-10
TXN_4640977,Cookie,3,1,3.0,"Credit Card",In-store,2023-02-11
TXN_7896721,Cake,3,3,9.0,"Credit Card",Takeaway,2023-04-22
TXN_7906197,Sandwich,5,4,20.0,"Credit Card",In-store,2023-01-02
TXN_8066743,Tea,3,1.5,4.5,Cash,Takeaway,2023-11-13
TXN_7585348,Cake,3,3,9.0,"Credit Card",Takeaway,2023-03-16
TXN_4005014,Sandwich,1,4,4.0,"Digital Wallet",Takeaway,2023-07-10
TXN_4478185,Cake,2,3,6.0,Cash,In-store,2023-08-25
TXN_3461209,Juice,4,3,12.0,"Credit Card",In-store,2023-04-26
TXN_1026827,Cookie,4,1,4.0,"Digital Wallet",In-store,2023-01-02
TXN_5369555,Juice,4,3,12.0,Cash,Takeaway,2023-02-24
TXN_8187656,Tea,4,1.5,6.0,"Credit Card",Takeaway,2023-05-01
TXN_6463415,Coffee,3,2,6.0,"Digital Wallet",In-store,2023-04-12
TXN_4634772,Juice,3,3,9.0,"Credit Card",In-store,2023-01-12
TXN_8034156,Sandwich,1,4,4.0,Cash,In-store,2023-07-22
TXN_2163229,Cookie,4,1,4.0,Cash,Takeaway,2023-12-21
TXN_1343750,Cookie,2,1,2.0,"Digital Wallet",Takeaway,2023-02-15
TXN_8022689,Tea,1,1.5,1.5,Cash,Takeaway,2023-06-15
TXN_2416816,Smoothie,5,4,20.0,"Digital Wallet",In-store,2023-10-19
TXN_1778707,Salad,5,5,25.0,"Credit Card",Takeaway,2023-03-26
TXN_3746260,Smoothie,5,4,20.0,"Digital Wallet",Takeaway,2023-08-26
TXN_3725837,Coffee,5,2,10.0,Cash,In-store,2023-10-22
TXN_4594922,Salad,2,5,10.0,"Credit Card",Takeaway,2023-06-19
TXN_5163686,Salad,5,5,25.0,"Credit Card",In-store,2023-05-29
TXN_2826603,Salad,2,5,10.0,"Digital Wallet",Takeaway,2023-06-22
TXN_3760598,Cake,3,3,9.0,"Digital Wallet",In-store,2023-10-24
TXN_7679707,Tea,1,1.5,1.5,"Credit Card",In-store,2023-07-22
TXN_5007619,Cake,5,3,15.0,"Credit Card",In-store,2023-07-05
TXN_9625287,Juice,2,3,6.0,Cash,In-store,2023-07-08
TXN_7337979,Coffee,1,2,2.0,"Digital Wallet",In-store,2023-05-27
TXN_5630457,Smoothie,1,4,4.0,"Credit Card",Takeaway,2023-03-01
TXN_4487966,Juice,3,3,9.0,Cash,In-store,2023-08-10
TXN_3663712,Tea,4,1.5,6.0,"Digital Wallet",Takeaway,2023-09-22
TXN_9140598,Juice,1,3,3.0,"Digital Wallet",Takeaway,2023-07-10
TXN_3696194,Salad,2,5,10.0,"Credit Card",In-store,2023-11-27
TXN_2964638,Salad,2,5,10.0,"Digital Wallet",In-store,2023-09-28
TXN_8336656,Salad,5,5,25.0,Cash,Takeaway,2023-12-02
TXN_6287890,Tea,5,1.5,7.5,"Credit Card",Takeaway,2023-02-07
TXN_5350401,Sandwich,2,4,8.0,"Digital Wallet",In-store,2023-10-28
TXN_1866028,Tea,5,1.5,7.5,"Credit Card",Takeaway,2023-06-12
TXN_9152264,Cake,1,3,3.0,"Digital Wallet",Takeaway,2023-03-15
TXN_3794585,Sandwich,1,4,4.0,"Credit Card",In-store,2023-02-10
TXN_9890874,Sandwich,5,4,20.0,Cash,In-store,2023-09-02
TXN_6024625,Coffee,5,2,10.0,"Digital Wallet",Takeaway,2023-09-13
TXN_7470910,Salad,2,5,10.0,Cash,In-store,2023-11-22
TXN_1116119,Smoothie,4,4,16.0,"Digital Wallet",In-store,2023-08-07
TXN_3471223,Coffee,1,2,2.0,"Digital Wallet",In-store,2023-10-08
TXN_5021925,Tea,4,1.5,6.0,Cash,In-store,2023-05-07
TXN_7764154,Salad,2,5,10.0,"Credit Card",Takeaway,2023-12-09
TXN_2178735,Juice,3,3,9.0,"Credit Card",Takeaway,2023-07-24
TXN_5014959,Cookie,2,1,2.0,"Credit Card",In-store,2023-11-28
TXN_5348445,Salad,5,5,25.0,"Digital Wallet",In-store,2023-11-15
TXN_7215985,Tea,4,1.5,6.0,"Credit Card",In-store,2023-08-07
TXN_7448296,Cookie,1,1,1.0,"Credit Card",In-store,2023-11-15
TXN_1494608,Tea,3,1.5,4.5,"Credit Card",In-store,2023-05-07
TXN_7615147,Sandwich,4,4,16.0,Cash,In-store,2023-05-19
TXN_5892508,Smoothie,1,4,4.0,"Credit Card",Takeaway,2023-03-21
TXN_5546684,Coffee,1,2,2.0,"Credit Card",In-store,2023-10-02
TXN_6402128,Sandwich,4,4,16.0,"Digital Wallet",In-store,2023-11-09
TXN_5009706,Sandwich,2,4,8.0,"Digital Wallet",In-store,2023-09-20
TXN_3380698,Coffee,3,2,6.0,"Credit Card",Takeaway,2023-12-15
TXN_1512118,Salad,4,5,20.0,Cash,In-store,2023-03-01
TXN_4033888,Sandwich,2,4,8.0,Cash,In-store,2023-02-04
TXN_7880148,Cake,3,3,9.0,"Credit Card",Takeaway,2023-12-12
TXN_4187420,Cake,3,3,9.0,"Digital Wallet",In-store,2023-01-31
TXN_9553579,Cake,2,3,6.0,"Credit Card",In-store,2023-10-03
TXN_3854285,Salad,3,5,15.0,Cash,Takeaway,2023-07-18
TXN_5614488,Sandwich,1,4,4.0,"Credit Card",Takeaway,2023-07-22
TXN_6035534,Salad,4,5,20.0,"Credit Card",In-store,2023-12-18
TXN_7201724,Salad,1,5,5.0,Cash,Takeaway,2023-03-20
TXN_6113876,Cake,3,3,9.0,Cash,In-store,2023-03-01
TXN_6450138,Cake,1,3,3.0,"Credit Card",Takeaway,2023-04-13
TXN_7085875,Juice,3,3,9.0,"Digital Wallet",In-store,2023-08-23
TXN_6057379,Salad,5,5,25.0,"Credit Card",Takeaway,2023-03-18
TXN_9313535,Cookie,1,1,1.0,"Digital Wallet",Takeaway,2023-06-04
TXN_9626053,Salad,1,5,5.0,Cash,Takeaway,2023-08-11
TXN_5583534,Cookie,2,1,2.0,Cash,Takeaway,2023-10-31
TXN_1438257,Salad,4,5,20.0,"Credit Card",Takeaway,2023-06-13
TXN_3963927,Sandwich,4,4,16.0,"Credit Card",In-store,2023-01-03
TXN_7023528,Tea,5,1.5,7.5,Cash,In-store,2023-10-28
TXN_9124680,Cookie,2,1,2.0,Cash,Takeaway,2023-10-03
TXN_7853635,Salad,3,5,15.0,"Digital Wallet",Takeaway,2023-02-16
TXN_3516263,Cake,2,3,6.0,"Digital Wallet",In-store,2023-09-23
TXN_1591640,Cake,2,3,6.0,Cash,In-store,2023-05-26
TXN_1697018,Juice,4,3,12.0,"Digital Wallet",In-store,2023-07-02
TXN_2667225,Salad,2,5,10.0,Cash,In-store,2023-11-21
TXN_9159212,Smoothie,3,4,12.0,"Digital Wallet",Takeaway,2023-01-12
TXN_3282436,Salad,5,5,25.0,"Credit Card",In-store,2023-12-14
TXN_8465274,Cake,3,3,9.0,"Digital Wallet",Takeaway,2023-02-01
TXN_8330446,Smoothie,3,4,12.0,"Credit Card",In-store,2023-08-06
TXN_9769410,Salad,1,5,5.0,Cash,In-store,2023-07-22
TXN_1437083,Smoothie,2,4,8.0,"Credit Card",In-store,2023-03-15
TXN_2413626,Cake,1,3,3.0,"Credit Card",Takeaway,2023-11-06
TXN_3392848,Cake,2,3,6.0,Cash,In-store,2023-04-03
TXN_7027905,Sandwich,1,4,4.0,"Credit Card",In-store,2023-07-17
TXN_8808034,Smoothie,2,4,8.0,Cash,In-store,2023-08-09
TXN_1663113,Smoothie,4,4,16.0,"Credit Card",Takeaway,2023-12-24
TXN_6189334,Sandwich,1,4,4.0,Cash,In-store,2023-01-12
TXN_6908287,Cookie,1,1,1.0,Cash,In-store,2023-08-04
TXN_6829707,Sandwich,1,4,4.0,Cash,Takeaway,2023-08-17
TXN_7303706,Coffee,2,2,4.0,Cash,In-store,2023-12-14
TXN_1730647,Juice,5,3,15.0,"Digital Wallet",In-store,2023-01-18
TXN_4936135,Coffee,4,2,8.0,Cash,In-store,2023-12-08
TXN_4496665,Sandwich,2,4,8.0,"Digital Wallet",Takeaway,2023-12-10
TXN_8209794,Coffee,5,2,10.0,"Credit Card",Takeaway,2023-10-25
TXN_3330687,Cake,5,3,15.0,Cash,In-store,2023-12-26
TXN_5354746,Coffee,4,2,8.0,"Digital Wallet",Takeaway,2023-03-06
TXN_3736798,Coffee,4,2,8.0,"Digital Wallet",In-store,2023-07-01
TXN_6719521,Salad,5,5,25.0,Cash,In-store,2023-08-03
TXN_5386752,Salad,4,5,20.0,"Digital Wallet",In-store,2023-12-07
TXN_1022523,Salad,4,5,20.0,Cash,In-store,2023-11-25
TXN_6202015,Cookie,2,1,2.0,"Credit Card",Takeaway,2023-08-22
TXN_6928137,Cake,3,3,9.0,"Digital Wallet",In-store,2023-10-11
TXN_5913013,Cookie,2,1,2.0,"Credit Card",Takeaway,2023-11-29
TXN_7433269,Tea,1,1.5,1.5,Cash,In-store,2023-05-18
TXN_4617771,Smoothie,4,4,16.0,"Digital Wallet",Takeaway,2023-09-10
TXN_1741325,Tea,2,1.5,3.0,"Credit Card",In-store,2023-03-31
TXN_9983356,Sandwich,2,4,8.0,"Digital Wallet",Takeaway,2023-09-20
TXN_8964527,Sandwich,4,4,16.0,"Digital Wallet",Takeaway,2023-02-22
TXN_9408993,Sandwich,1,4,4.0,"Digital Wallet",In-store,2023-08-19
TXN_7810285,Cake,4,3,12.0,Cash,Takeaway,2023-10-25
TXN_1961595,Smoothie,5,4,20.0,"Digital Wallet",In-store,2023-07-02
TXN_4179561,Cookie,2,1,2.0,"Digital Wallet",In-store,2023-11-12
TXN_9056301,Cookie,2,1,2.0,"Credit Card",Takeaway,2023-03-02
TXN_6910030,Coffee,4,2,8.0,"Digital Wallet",Takeaway,2023-07-09
TXN_7609781,Smoothie,3,4,12.0,Cash,In-store,2023-03-13
TXN_8398059,Cake,1,3,3.0,Cash,Takeaway,2023-10-15
TXN_1792573,Smoothie,5,4,20.0,Cash,Takeaway,2023-12-07
TXN_9991225,Cake,5,3,15.0,"Credit Card",Takeaway,2023-02-03
TXN_8734476,Tea,1,1.5,1.5,Cash,Takeaway,2023-09-12
TXN_6471962,Sandwich,4,4,16.0,Cash,Takeaway,2023-09-21
TXN_4792702,Sandwich,1,4,4.0,Cash,Takeaway,2023-06-28
TXN_3572190,Coffee,5,2,10.0,"Credit Card",Takeaway,2023-03-05
TXN_6791398,Coffee,1,2,2.0,"Credit Card",Takeaway,2023-12-17
TXN_8361255,Cake,3,3,9.0,Cash,Takeaway,2023-07-29
TXN_6078834,Smoothie,1,4,4.0,"Digital Wallet",Takeaway,2023-04-28
TXN_8186625,Cookie,1,1,1.0,"Digital Wallet",Takeaway,2023-07-21
TXN_2946829,Cookie,2,1,2.0,"Digital Wallet",Takeaway,2023-02-08
TXN_8750849,Cake,2,3,6.0,"Credit Card",Takeaway,2023-03-03
TXN_1973716,Salad,4,5,20.0,"Credit Card",In-store,2023-01-21
TXN_1105589,Coffee,5,2,10.0,Cash,Takeaway,2023-07-04
TXN_4988665,Cake,1,3,3.0,"Digital Wallet",Takeaway,2023-12-16
TXN_5412834,Smoothie,4,4,16.0,Cash,Takeaway,2023-07-13
TXN_1389258,Salad,1,5,5.0,Cash,Takeaway,2023-12-31
TXN_8076559,Cake,5,3,15.0,Cash,Takeaway,2023-11-02
TXN_4310310,Cake,3,3,9.0,Cash,Takeaway,2023-03-08
TXN_6411716,Cake,4,3,12.0,"Credit Card",In-store,2023-02-25
TXN_1154979,Coffee,3,2,6.0,"Credit Card",In-store,2023-12-11
TXN_6129205,Sandwich,5,4,20.0,Cash,In-store,2023-07-20
TXN_4832513,Cookie,5,1,5.0,"Credit Card",In-store,2023-06-05
TXN_4356223,Salad,3,5,15.0,"Digital Wallet",Takeaway,2023-11-23
TXN_2471972,Cookie,1,1,1.0,Cash,Takeaway,2023-04-08
TXN_6555617,Salad,2,5,10.0,"Digital Wallet",Takeaway,2023-12-27
TXN_6899834,Cake,3,3,9.0,"Credit Card",Takeaway,2023-01-27
TXN_7538570,Smoothie,4,4,16.0,"Credit Card",Takeaway,2023-04-18
TXN_8789116,Salad,5,5,25.0,"Digital Wallet",Takeaway,2023-01-13
TXN_8930109,Cookie,5,1,5.0,"Digital Wallet",Takeaway,2023-05-17
TXN_9799798,Coffee,5,2,10.0,"Credit Card",Takeaway,2023-05-23
TXN_1681153,Juice,3,3,9.0,Cash,Takeaway,2023-02-09
TXN_4255503,Coffee,3,2,6.0,"Digital Wallet",Takeaway,2023-11-19
TXN_2385697,Coffee,1,2,2.0,Cash,Takeaway,2023-09-10
TXN_9151321,Sandwich,4,4,16.0,Cash,In-store,2023-01-05
TXN_1602799,Cake,4,3,12.0,"Digital Wallet",Takeaway,2023-03-23
TXN_9579181,Sandwich,1,4,4.0,"Digital Wallet",In-store,2023-05-24
TXN_1388606,Cake,3,3,9.0,"Digital Wallet",Takeaway,2023-08-31
TXN_2336857,Cake,3,3,9.0,Cash,In-store,2023-08-02
TXN_9526867,Cookie,2,1,2.0,"Digital Wallet",Takeaway,2023-10-21
TXN_5792655,Juice,1,3,3.0,"Digital Wallet",Takeaway,2023-12-21
TXN_7782538,Juice,2,3,6.0,"Digital Wallet",Takeaway,2023-08-15
TXN_6404763,Sandwich,5,4,20.0,"Digital Wallet",Takeaway,2023-11-13
TXN_4915908,Sandwich,5,4,20.0,"Credit Card",In-store,2023-06-06
TXN_7043825,Juice,2,3,6.0,Cash,Takeaway,2023-02-07
TXN_5788769,Juice,1,3,3.0,Cash,In-store,2023-07-19
TXN_5856820,Tea,2,1.5,3.0,"Credit Card",Takeaway,2023-07-18
TXN_9354616,Tea,4,1.5,6.0,"Digital Wallet",Takeaway,2023-01-27
TXN_5268203,Cake,1,3,3.0,"Credit Card",Takeaway,2023-03-04
TXN_5226635,Cookie,4,1,4.0,"Credit Card",Takeaway,2023-02-01
TXN_9278992,Smoothie,4,4,16.0,Cash,Takeaway,2023-12-15
TXN_4369292,Cake,1,3,3.0,"Credit Card",Takeaway,2023-10-09
TXN_3912727,Tea,5,1.5,7.5,"Digital Wallet",Takeaway,2023-04-13
TXN_6983139,Salad,2,5,10.0,"Credit Card",Takeaway,2023-12-18
TXN_5977414,Cake,2,3,6.0,"Credit Card",In-store,2023-08-06
TXN_8550184,Juice,3,3,9.0,"Digital Wallet",Takeaway,2023-04-05
TXN_6962242,Juice,1,3,3.0,"Digital Wallet",Takeaway,2023-06-30
TXN_4548466,Tea,4,1.5,6.0,"Credit Card",Takeaway,2023-11-30
TXN_5944206,Cookie,5,1,5.0,"Digital Wallet",Takeaway,2023-05-12
TXN_9212178,Juice,1,3,3.0,"Credit Card",Takeaway,2023-11-18
TXN_9201212,Smoothie,4,4,16.0,"Digital Wallet",Takeaway,2023-06-08
TXN_7055260,Sandwich,4,4,16.0,"Digital Wallet",In-store,2023-06-20
TXN_1757340,Cake,2,3,6.0,"Credit Card",In-store,2023-12-29
TXN_9390740,Cake,2,3,6.0,Cash,In-store,2023-12-06
TXN_1082421,Salad,1,5,5.0,"Digital Wallet",In-store,2023-12-19
TXN_6451377,Salad,5,5,25.0,"Credit Card",Takeaway,2023-03-19
TXN_2142961,Coffee,5,2,10.0,"Credit Card",Takeaway,2023-09-21
TXN_5575561,Tea,4,1.5,6.0,"Digital Wallet",Takeaway,2023-02-13
TXN_1007347,Salad,4,5,20.0,"Digital Wallet",In-store,2023-08-28
TXN_6731518,Cookie,1,1,1.0,"Digital Wallet",Takeaway,2023-12-04
TXN_3455702,Salad,1,5,5.0,Cash,Takeaway,2023-03-23
TXN_7794561,Juice,4,3,12.0,"Credit Card",In-store,2023-05-18
TXN_7688625,Coffee,1,2,2.0,"Credit Card",In-store,2023-12-15
TXN_8831924,Coffee,3,2,6.0,"Digital Wallet",In-store,2023-07-12
TXN_1360998,Cookie,2,1,2.0,Cash,Takeaway,2023-07-30
TXN_9047278,Tea,4,1.5,6.0,"Credit Card",Takeaway,2023-06-20
TXN_4516901,Tea,2,1.5,3.0,"Credit Card",In-store,2023-09-05
TXN_6817795,Tea,1,1.5,1.5,Cash,Takeaway,2023-09-12
TXN_6809170,Smoothie,4,4,16.0,Cash,Takeaway,2023-08-10
TXN_7365744,Cookie,4,1,4.0,Cash,In-store,2023-08-20
TXN_9847116,Salad,3,5,15.0,Cash,Takeaway,2023-07-28
TXN_8356338,Salad,5,5,25.0,"Credit Card",In-store,2023-08-06
TXN_4413506,Juice,4,3,12.0,"Digital Wallet",In-store,2023-10-29
TXN_4737392,Sandwich,2,4,8.0,Cash,In-store,2023-02-17
TXN_9538738,Coffee,4,2,8.0,Cash,In-store,2023-09-25
TXN_1854102,Coffee,2,2,4.0,"Digital Wallet",Takeaway,2023-07-18
TXN_8837375,Sandwich,2,4,8.0,"Digital Wallet",Takeaway,2023-11-21
TXN_7950226,Tea,1,1.5,1.5,"Digital Wallet",In-store,2023-10-13
TXN_9086541,Salad,3,5,15.0,Cash,In-store,2023-02-15
TXN_8017969,Juice,1,3,3.0,Cash,Takeaway,2023-03-26
TXN_6667388,Cake,3,3,9.0,Cash,In-store,2023-08-14
TXN_9425645,Cake,3,3,9.0,"Credit Card",Takeaway,2023-03-19
TXN_6747376,Smoothie,3,4,12.0,"Digital Wallet",In-store,2023-11-20
TXN_2062269,Juice,4,3,12.0,"Digital Wallet",Takeaway,2023-09-08
TXN_8313892,Salad,3,5,15.0,"Credit Card",Takeaway,2023-11-29
TXN_6712994,Coffee,3,2,6.0,Cash,Takeaway,2023-10-02
TXN_6257776,Juice,5,3,15.0,Cash,In-store,2023-10-28
TXN_6073195,Sandwich,3,4,12.0,"Credit Card",Takeaway,2023-09-13
TXN_4291132,Cake,2,3,6.0,"Credit Card",Takeaway,2023-08-07
TXN_1622123,Cookie,2,1,2.0,Cash,Takeaway,2023-01-05
TXN_2878078,Cake,2,3,6.0,"Digital Wallet",Takeaway,2023-12-15
TXN_7134579,Cookie,5,1,5.0,"Digital Wallet",Takeaway,2023-06-06
TXN_6921057,Sandwich,4,4,16.0,"Digital Wallet",Takeaway,2023-07-10
TXN_2335088,Salad,4,5,20.0,Cash,In-store,2023-10-27
TXN_9778859,Cookie,3,1,3.0,Cash,Takeaway,2023-06-05
TXN_6386662,Salad,5,5,25.0,"Credit Card",Takeaway,2023-12-04
TXN_5491825,Cake,4,3,12.0,Cash,In-store,2023-06-09
TXN_3326110,Coffee,2,2,4.0,"Credit Card",Takeaway,2023-08-13
TXN_5455079,Salad,2,5,10.0,Cash,In-store,2023-11-30
TXN_5526475,Tea,4,1.5,6.0,Cash,In-store,2023-05-06
TXN_3800253,Cake,2,3,6.0,Cash,Takeaway,2023-01-15
TXN_4134478,Juice,2,3,6.0,"Credit Card",Takeaway,2023-06-25
TXN_7296498,Salad,5,5,25.0,"Credit Card",Takeaway,2023-05-19
TXN_2488987,Tea,5,1.5,7.5,Cash,In-store,2023-06-12
TXN_1865735,Smoothie,2,4,8.0,"Digital Wallet",In-store,2023-09-22
TXN_5303275,Cookie,4,1,4.0,Cash,Takeaway,2023-09-18
TXN_9316158,Sandwich,5,4,20.0,Cash,In-store,2023-10-31
TXN_8207244,Tea,5,1.5,7.5,Cash,Takeaway,2023-05-04
TXN_2814866,Smoothie,1,4,4.0,"Digital Wallet",In-store,2023-07-29
TXN_2560137,Cake,1,3,3.0,Cash,Takeaway,2023-10-13
TXN_7350571,Smoothie,1,4,4.0,"Credit Card",In-store,2023-02-19
TXN_3915802,Coffee,3,2,6.0,Cash,Takeaway,2023-12-16
TXN_2493262,Cookie,2,1,2.0,"Credit Card",Takeaway,2023-01-03
TXN_6038791,Juice,2,3,6.0,"Digital Wallet",In-store,2023-03-06
TXN_1335337,Tea,3,1.5,4.5,"Credit Card",In-store,2023-09-06
TXN_7730388,Cookie,5,1,5.0,"Digital Wallet",In-store,2023-09-09
TXN_6363897,Salad,5,5,25.0,"Credit Card",Takeaway,2023-11-26
TXN_1893222,Smoothie,5,4,20.0,"Credit Card",In-store,2023-12-20
TXN_5624179,Cookie,1,1,1.0,Cash,Takeaway,2023-10-26
TXN_3450160,Cake,4,3,12.0,"Credit Card",In-store,2023-10-23
TXN_4075432,Sandwich,5,4,20.0,Cash,In-store,2023-09-12
TXN_2023802,Cake,2,3,6.0,Cash,In-store,2023-02-28
TXN_8182245,Sandwich,5,4,20.0,"Digital Wallet",Takeaway,2023-10-24
TXN_3970335,Juice,5,3,15.0,"Digital Wallet",Takeaway,2023-09-01
TXN_7100596,Smoothie,5,4,20.0,"Credit Card",In-store,2023-09-14
TXN_1481116,Tea,2,1.5,3.0,"Digital Wallet",In-store,2023-02-26
TXN_9454212,Juice,5,3,15.0,Cash,In-store,2023-11-19
TXN_3648327,Cake,1,3,3.0,"Digital Wallet",Takeaway,2023-08-17
TXN_6188394,Juice,5,3,15.0,"Credit Card",In-store,2023-10-05
TXN_2553803,Juice,1,3,3.0,Cash,In-store,2023-12-29
TXN_8018479,Tea,1,1.5,1.5,"Digital Wallet",Takeaway,2023-09-15
TXN_3046108,Tea,5,1.5,7.5,"Digital Wallet",Takeaway,2023-01-15
TXN_4454198,Tea,1,1.5,1.5,"Digital Wallet",In-store,2023-08-22
TXN_5855756,Sandwich,1,4,4.0,"Credit Card",In-store,2023-08-29
TXN_6758675,Juice,1,3,3.0,"Credit Card",In-store,2023-11-05
TXN_7681072,Cookie,1,1,1.0,"Credit Card",Takeaway,2023-07-07
TXN_8789986,Cake,2,3,6.0,Cash,Takeaway,2023-09-21
TXN_8382825,Coffee,5,2,10.0,Cash,In-store,2023-01-20
TXN_4486700,Cake,2,3,6.0,"Digital Wallet",Takeaway,2023-02-08
TXN_5085328,Coffee,4,2,8.0,"Digital Wallet",Takeaway,2023-02-03
TXN_6191769,Salad,1,5,5.0,"Credit Card",Takeaway,2023-05-17
TXN_6110386,Smoothie,1,4,4.0,Cash,In-store,2023-03-17
TXN_8257774,Cookie,5,1,5.0,Cash,Takeaway,2023-03-04
TXN_1225638,Cake,4,3,12.0,Cash,Takeaway,2023-05-28
TXN_5508620,Sandwich,2,4,8.0,Cash,In-store,2023-08-26
TXN_7864080,Tea,5,1.5,7.5,"Credit Card",Takeaway,2023-11-12
TXN_2463115,Sandwich,5,4,20.0,"Credit Card",Takeaway,2023-09-12
TXN_6762172,Coffee,5,2,10.0,Cash,Takeaway,2023-01-19
TXN_5591967,Sandwich,1,4,4.0,"Credit Card",Takeaway,2023-04-08
TXN_5861158,Sandwich,3,4,12.0,"Credit Card",Takeaway,2023-11-21
TXN_2848654,Smoothie,5,4,20.0,"Digital Wallet",In-store,2023-03-15
TXN_3034652,Juice,5,3,15.0,"Credit Card",In-store,2023-11-04
TXN_6607568,Coffee,2,2,4.0,Cash,In-store,2023-03-24
TXN_9837568,Salad,5,5,25.0,Cash,In-store,2023-04-17
TXN_9425610,Sandwich,3,4,12.0,Cash,In-store,2023-01-08
TXN_9749333,Cookie,5,1,5.0,Cash,In-store,2023-02-27
TXN_7376092,Cookie,4,1,4.0,Cash,In-store,2023-11-07
TXN_8278982,Smoothie,5,4,20.0,"Credit Card",Takeaway,2023-09-06
TXN_7686476,Coffee,3,2,6.0,"Digital Wallet",Takeaway,2023-01-03
TXN_3981000,Tea,1,1.5,1.5,"Digital Wallet",In-store,2023-05-24
TXN_7367474,Juice,5,3,15.0,"Digital Wallet",Takeaway,2023-01-01
TXN_1498343,Salad,2,5,10.0,"Credit Card",Takeaway,2023-03-31
TXN_3107619,Cookie,2,1,2.0,"Digital Wallet",Takeaway,2023-05-31
TXN_7411993,Cake,2,3,6.0,"Digital Wallet",In-store,2023-02-11
TXN_4679593,Juice,1,3,3.0,Cash,In-store,2023-01-10
TXN_1630051,Smoothie,5,4,20.0,"Digital Wallet",Takeaway,2023-03-17
TXN_2566258,Cookie,4,1,4.0,Cash,Takeaway,2023-06-08
TXN_4864206,Cookie,5,1,5.0,Cash,In-store,2023-03-18
TXN_5113993,Coffee,1,2,2.0,"Credit Card",Takeaway,2023-02-10
TXN_2192787,Sandwich,5,4,20.0,Cash,In-store,2023-01-01
TXN_2127588,Cake,4,3,12.0,Cash,In-store,2023-07-17
TXN_5538713,Cookie,2,1,2.0,"Digital Wallet",Takeaway,2023-09-20
TXN_2565449,Smoothie,3,4,12.0,"Credit Card",In-store,2023-10-04
TXN_9224501,Salad,5,5,25.0,"Credit Card",In-store,2023-12-08
TXN_5767393,Smoothie,3,4,12.0,"Digital Wallet",In-store,2023-09-11
TXN_9287133,Cake,5,3,15.0,"Digital Wallet",In-store,2023-04-20
TXN_7134064,Smoothie,5,4,20.0,"Credit Card",Takeaway,2023-04-04
TXN_5486063,Smoothie,3,4,12.0,Cash,In-store,2023-05-21
TXN_2285849,Tea,2,1.5,3.0,"Credit Card",Takeaway,2023-09-10
TXN_9577271,Sandwich,5,4,20.0,Cash,In-store,2023-09-30
TXN_2624121,Tea,5,1.5,7.5,"Digital Wallet",In-store,2023-01-28
TXN_7868879,Sandwich,4,4,16.0,Cash,Takeaway,2023-05-02
TXN_6243519,Coffee,3,2,6.0,Cash,Takeaway,2023-03-03
TXN_8668901,Juice,2,3,6.0,"Credit Card",Takeaway,2023-06-30
TXN_4903004,Tea,4,1.5,6.0,"Digital Wallet",In-store,2023-12-03
TXN_2195218,Cake,4,3,12.0,"Digital Wallet",In-store,2023-09-10
TXN_7362525,Cake,5,3,15.0,Cash,Takeaway,2023-06-09
TXN_8753888,Cookie,4,1,4.0,"Credit Card",Takeaway,2023-12-25
TXN_8956534,Coffee,5,2,10.0,Cash,Takeaway,2023-06-05
TXN_7957208,Tea,1,1.5,1.5,"Digital Wallet",Takeaway,2023-04-14
TXN_1749105,Sandwich,5,4,20.0,Cash,In-store,2023-10-17
TXN_1248266,Salad,3,5,15.0,"Credit Card",In-store,2023-10-14
TXN_5331122,Salad,4,5,20.0,"Credit Card",In-store,2023-09-26
TXN_1227800,Juice,3,3,9.0,Cash,Takeaway,2023-02-19
TXN_2699583,Sandwich,5,4,20.0,"Digital Wallet",In-store,2023-07-26
TXN_2156218,Smoothie,2,4,8.0,"Digital Wallet",In-store,2023-07-24
TXN_4894699,Cookie,2,1,2.0,"Digital Wallet",In-store,2023-02-20
TXN_8631468,Cake,1,3,3.0,"Credit Card",In-store,2023-10-10
TXN_2378096,Tea,3,1.5,4.5,Cash,Takeaway,2023-09-22
TXN_3620110,Coffee,1,2,2.0,"Digital Wallet",Takeaway,2023-06-01
TXN_1005331,Coffee,1,2,2.0,"Digital Wallet",Takeaway,2023-11-04
TXN_1579182,Juice,5,3,15.0,Cash,In-store,2023-02-20
TXN_9298053,Juice,5,3,15.0,Cash,In-store,2023-06-29
TXN_6236864,Tea,2,1.5,3.0,"Digital Wallet",In-store,2023-08-17
TXN_7201361,Smoothie,3,4,12.0,Cash,In-store,2023-05-26
TXN_2229365,Sandwich,2,4,8.0,Cash,In-store,2023-09-07
TXN_5563675,Tea,3,1.5,4.5,"Digital Wallet",In-store,2023-01-01
TXN_7907499,Juice,3,3,9.0,"Digital Wallet",Takeaway,2023-04-18
TXN_8360073,Cake,4,3,12.0,"Digital Wallet",In-store,2023-06-15
TXN_2690515,Sandwich,2,4,8.0,Cash,Takeaway,2023-09-06
TXN_2080682,Coffee,3,2,6.0,"Credit Card",In-store,2023-05-02
TXN_5661891,Salad,1,5,5.0,"Digital Wallet",Takeaway,2023-10-28
TXN_9834415,Cookie,2,1,2.0,"Credit Card",In-store,2023-12-28
TXN_4002629,Cake,5,3,15.0,"Credit Card",In-store,2023-06-15
TXN_4735392,Smoothie,3,4,12.0,"Credit Card",Takeaway,2023-04-04
TXN_8410712,Juice,5,3,15.0,"Digital Wallet",Takeaway,2023-10-23
TXN_6009395,Sandwich,4,4,16.0,Cash,In-store,2023-07-20
TXN_3733753,Sandwich,1,4,4.0,"Digital Wallet",Takeaway,2023-03-10
TXN_4084548,Salad,2,5,10.0,Cash,In-store,2023-07-21
TXN_7125945,Cake,3,3,9.0,"Credit Card",In-store,2023-01-30
TXN_5435751,Sandwich,1,4,4.0,"Credit Card",Takeaway,2023-05-24
TXN_6885561,Smoothie,3,4,12.0,"Digital Wallet",Takeaway,2023-06-24
TXN_6304285,Cake,5,3,15.0,"Digital Wallet",Takeaway,2023-11-16
TXN_3653328,Cookie,4,1,4.0,"Digital Wallet",In-store,2023-06-27
TXN_1270603,Juice,4,3,12.0,"Credit Card",Takeaway,2023-12-03
TXN_7770253,Coffee,5,2,10.0,"Digital Wallet",Takeaway,2023-01-06
TXN_9695128,Cake,1,3,3.0,Cash,In-store,2023-12-21
TXN_4371760,Smoothie,2,4,8.0,Cash,In-store,2023-01-12
TXN_3023841,Tea,3,1.5,4.5,"Digital Wallet",Takeaway,2023-04-29
TXN_8793244,Cake,4,3,12.0,"Credit Card",Takeaway,2023-05-08
TXN_5448602,Juice,3,3,9.0,"Credit Card",In-store,2023-01-17
TXN_1346517,Coffee,1,2,2.0,"Digital Wallet",Takeaway,2023-03-20
TXN_9277534,Smoothie,2,4,8.0,"Credit Card",In-store,2023-04-25
TXN_6145837,Cake,5,3,15.0,"Digital Wallet",Takeaway,2023-08-27
TXN_5067056,Sandwich,1,4,4.0,Cash,In-store,2023-08-13
TXN_8626161,Smoothie,3,4,12.0,"Digital Wallet",In-store,2023-11-23
TXN_7099050,Salad,3,5,15.0,"Credit Card",Takeaway,2023-01-18
TXN_9565465,Tea,3,1.5,4.5,"Credit Card",In-store,2023-12-26
TXN_6301600,Juice,4,3,12.0,"Digital Wallet",In-store,2023-02-28
TXN_4784128,Sandwich,3,4,12.0,Cash,Takeaway,2023-08-27
TXN_5560205,Coffee,3,2,6.0,Cash,In-store,2023-12-22
TXN_6119798,Salad,1,5,5.0,"Credit Card",In-store,2023-09-19
TXN_9793353,Coffee,3,2,6.0,"Credit Card",Takeaway,2023-08-21
TXN_2064360,Coffee,4,2,8.0,"Digital Wallet",In-store,2023-08-30
TXN_2564219,Salad,1,5,5.0,"Digital Wallet",Takeaway,2023-07-18
TXN_4488222,Tea,3,1.5,4.5,"Digital Wallet",Takeaway,2023-03-13
TXN_9853577,Sandwich,2,4,8.0,"Credit Card",In-store,2023-04-30
TXN_1672443,Coffee,1,2,2.0,"Credit Card",Takeaway,2023-10-03
TXN_6277500,Coffee,4,2,8.0,"Credit Card",Takeaway,2023-01-09
TXN_6671827,Salad,1,5,5.0,"Credit Card",Takeaway,2023-08-09
TXN_5894676,Smoothie,5,4,20.0,"Credit Card",Takeaway,2023-06-17
TXN_1411744,Smoothie,4,4,16.0,"Credit Card",Takeaway,2023-09-17
TXN_4030197,Salad,3,5,15.0,"Credit Card",Takeaway,2023-03-05
TXN_3912836,Salad,1,5,5.0,"Credit Card",In-store,2023-11-23
TXN_3833729,Smoothie,4,4,16.0,"Digital Wallet",In-store,2023-11-13
TXN_7054393,Coffee,2,2,4.0,"Digital Wallet",In-store,2023-05-30
TXN_1395083,Juice,1,3,3.0,Cash,In-store,2023-07-08
TXN_8784653,Smoothie,1,4,4.0,Cash,In-store,2023-09-12
TXN_8308672,Salad,2,5,10.0,"Digital Wallet",Takeaway,2023-01-01
TXN_3190959,Tea,2,1.5,3.0,"Credit Card",Takeaway,2023-12-16
TXN_6117497,Coffee,2,2,4.0,"Digital Wallet",In-store,2023-02-13
TXN_3818464,Cake,2,3,6.0,Cash,In-store,2023-03-02
TXN_7415686,Sandwich,3,4,12.0,"Credit Card",In-store,2023-04-13
TXN_7231548,Smoothie,3,4,12.0,"Credit Card",In-store,2023-11-06
TXN_5956755,Sandwich,5,4,20.0,"Digital Wallet",Takeaway,2023-03-05
TXN_8002886,Coffee,5,2,10.0,"Digital Wallet",Takeaway,2023-05-28
TXN_7694491,Salad,3,5,15.0,Cash,In-store,2023-09-01
TXN_2764962,Tea,2,1.5,3.0,"Credit Card",Takeaway,2023-08-13
TXN_1491299,Juice,2,3,6.0,"Credit Card",In-store,2023-02-27
TXN_3277379,Salad,2,5,10.0,"Credit Card",Takeaway,2023-01-06
TXN_2568101,Salad,5,5,25.0,Cash,Takeaway,2023-08-03
TXN_3247340,Tea,3,1.5,4.5,Cash,Takeaway,2023-12-25
TXN_4064245,Juice,3,3,9.0,"Credit Card",Takeaway,2023-02-20
TXN_8777692,Coffee,4,2,8.0,"Credit Card",In-store,2023-12-06
TXN_6626427,Cookie,4,1,4.0,"Digital Wallet",In-store,2023-02-13
TXN_4824773,Salad,5,5,25.0,Cash,Takeaway,2023-06-06
TXN_4563646,Juice,5,3,15.0,Cash,Takeaway,2023-10-10
TXN_1738607,Juice,2,3,6.0,"Credit Card",In-store,2023-01-17
TXN_3927733,Salad,5,5,25.0,"Credit Card",Takeaway,2023-01-20
TXN_9489176,Juice,5,3,15.0,"Digital Wallet",In-store,2023-01-10
TXN_3061266,Cookie,4,1,4.0,"Credit Card",In-store,2023-12-06
TXN_7217284,Salad,3,5,15.0,Cash,In-store,2023-12-29
TXN_8397155,Salad,4,5,20.0,"Credit Card",Takeaway,2023-08-16
TXN_4301188,Smoothie,4,4,16.0,"Credit Card",In-store,2023-12-23
TXN_7865220,Smoothie,1,4,4.0,"Credit Card",Takeaway,2023-06-28
TXN_9270865,Smoothie,2,4,8.0,"Credit Card",Takeaway,2023-11-06
TXN_1248436,Cake,4,3,12.0,"Credit Card",Takeaway,2023-08-14
TXN_5413274,Smoothie,5,4,20.0,"Credit Card",In-store,2023-02-10
TXN_5902629,Cookie,3,1,3.0,Cash,Takeaway,2023-01-26
TXN_6629689,Sandwich,2,4,8.0,"Credit Card",In-store,2023-05-29
TXN_2345373,Tea,3,1.5,4.5,"Credit Card",Takeaway,2023-02-20
TXN_1108663,Juice,3,3,9.0,Cash,Takeaway,2023-08-16
TXN_9587015,Salad,3,5,15.0,"Digital Wallet",In-store,2023-06-25
TXN_6915899,Salad,3,5,15.0,"Credit Card",In-store,2023-05-29
TXN_5198524,Cake,1,3,3.0,"Credit Card",In-store,2023-06-14
TXN_6786340,Coffee,5,2,10.0,"Digital Wallet",Takeaway,2023-04-18
TXN_8689246,Sandwich,5,4,20.0,"Credit Card",In-store,2023-05-16
TXN_1730850,Juice,2,3,6.0,Cash,Takeaway,2023-12-15
TXN_9833245,Cookie,1,1,1.0,"Digital Wallet",Takeaway,2023-04-30
TXN_8792638,Tea,3,1.5,4.5,"Credit Card",Takeaway,2023-07-02
TXN_3493951,Smoothie,5,4,20.0,Cash,Takeaway,2023-08-20
TXN_8878830,Coffee,4,2,8.0,"Credit Card",Takeaway,2023-10-11
TXN_3303114,Salad,4,5,20.0,"Credit Card",In-store,2023-06-18
TXN_2106437,Tea,1,1.5,1.5,Cash,Takeaway,2023-08-01
TXN_2291713,Salad,4,5,20.0,Cash,In-store,2023-08-06
TXN_6725579,Tea,2,1.5,3.0,"Credit Card",Takeaway,2023-02-21
TXN_6845225,Tea,4,1.5,6.0,"Credit Card",Takeaway,2023-02-21
TXN_9798525,Coffee,2,2,4.0,"Digital Wallet",Takeaway,2023-11-05
TXN_1482123,Coffee,1,2,2.0,Cash,In-store,2023-06-17
TXN_5622313,Salad,2,5,10.0,"Credit Card",In-store,2023-01-07
TXN_6249754,Smoothie,1,4,4.0,"Credit Card",Takeaway,2023-10-21
TXN_9729280,Tea,3,1.5,4.5,"Credit Card",In-store,2023-11-06
TXN_1045022,Sandwich,4,4,16.0,"Credit Card",Takeaway,2023-10-13
TXN_4598397,Coffee,4,2,8.0,Cash,Takeaway,2023-09-13
TXN_9186913,Cookie,2,1,2.0,"Credit Card",Takeaway,2023-10-16
TXN_9507002,Smoothie,1,4,4.0,Cash,Takeaway,2023-05-08
TXN_4423218,Cookie,3,1,3.0,Cash,In-store,2023-05-29
TXN_4851339,Sandwich,1,4,4.0,"Digital Wallet",Takeaway,2023-02-01
TXN_3274105,Cookie,5,1,5.0,"Credit Card",Takeaway,2023-07-28
TXN_2810280,Smoothie,1,4,4.0,"Digital Wallet",Takeaway,2023-06-25
TXN_8611913,Tea,5,1.5,7.5,"Digital Wallet",In-store,2023-07-16
TXN_9947479,Smoothie,5,4,20.0,Cash,Takeaway,2023-09-27
TXN_6403859,Sandwich,5,4,20.0,"Credit Card",In-store,2023-03-06
TXN_9703722,Sandwich,5,4,20.0,"Digital Wallet",Takeaway,2023-01-11
TXN_6119081,Coffee,2,2,4.0,Cash,In-store,2023-09-27
TXN_4811887,Cake,2,3,6.0,Cash,In-store,2023-02-11
TXN_9587814,Juice,3,3,9.0,Cash,In-store,2023-01-25
TXN_7852397,Tea,3,1.5,4.5,Cash,In-store,2023-08-10
TXN_2982995,Salad,1,5,5.0,"Credit Card",Takeaway,2023-04-06
TXN_4223265,Cake,5,3,15.0,"Digital Wallet",In-store,2023-06-06
TXN_6491662,Coffee,2,2,4.0,"Digital Wallet",Takeaway,2023-10-06
TXN_9500986,Cookie,2,1,2.0,"Digital Wallet",Takeaway,2023-05-10
TXN_6092344,Cookie,5,1,5.0,"Credit Card",Takeaway,2023-12-04
TXN_6336973,Coffee,4,2,8.0,"Digital Wallet",Takeaway,2023-03-21
TXN_5609260,Cookie,5,1,5.0,"Digital Wallet",In-store,2023-05-02
TXN_2047672,Sandwich,1,4,4.0,"Credit Card",In-store,2023-01-25
TXN_6893490,Coffee,3,2,6.0,"Credit Card",Takeaway,2023-03-17
TXN_6851654,Salad,1,5,5.0,"Digital Wallet",Takeaway,2023-01-25
TXN_5889912,Salad,1,5,5.0,Cash,In-store,2023-09-26
TXN_3720223,Cake,4,3,12.0,Cash,Takeaway,2023-10-22
TXN_2726676,Coffee,3,2,6.0,"Digital Wallet",In-store,2023-08-10
TXN_3558795,Smoothie,1,4,4.0,Cash,In-store,2023-05-30
TXN_4139983,Tea,5,1.5,7.5,Cash,Takeaway,2023-10-16
TXN_2935871,Cookie,4,1,4.0,Cash,Takeaway,2023-07-07
TXN_8284910,Smoothie,1,4,4.0,Cash,In-store,2023-07-19
TXN_2123573,Coffee,5,2,10.0,"Digital Wallet",Takeaway,2023-01-09
TXN_8036176,Cookie,4,1,4.0,"Credit Card",Takeaway,2023-06-20
TXN_2490185,Salad,4,5,20.0,"Credit Card",In-store,2023-12-18
TXN_6295420,Juice,1,3,3.0,"Digital Wallet",Takeaway,2023-09-27
TXN_1542042,Cake,4,3,12.0,"Credit Card",Takeaway,2023-07-26
TXN_6579109,Juice,1,3,3.0,"Credit Card",Takeaway,2023-02-22
TXN_5577030,Cookie,4,1,4.0,"Digital Wallet",Takeaway,2023-02-15
TXN_3910230,Sandwich,5,4,20.0,Cash,Takeaway,2023-01-05
TXN_9861782,Sandwich,4,4,16.0,"Credit Card",In-store,2023-07-15
TXN_6112765,Coffee,2,2,4.0,"Credit Card",Takeaway,2023-07-21
TXN_2847831,Coffee,1,2,2.0,Cash,In-store,2023-02-19
TXN_3385167,Tea,3,1.5,4.5,Cash,In-store,2023-04-26
TXN_1938071,Sandwich,4,4,16.0,"Credit Card",In-store,2023-12-25
TXN_4887268,Salad,1,5,5.0,"Credit Card",In-store,2023-10-16
TXN_6651961,Salad,4,5,20.0,"Credit Card",In-store,2023-02-08
TXN_5604797,Coffee,1,2,2.0,Cash,In-store,2023-10-13
TXN_6303383,Cake,4,3,12.0,"Digital Wallet",In-store,2023-09-22
TXN_5403707,Smoothie,3,4,12.0,Cash,In-store,2023-03-20
TXN_4084052,Juice,2,3,6.0,"Digital Wallet",In-store,2023-06-30
TXN_7113656,Juice,2,3,6.0,"Credit Card",Takeaway,2023-01-22
TXN_3226989,Salad,1,5,5.0,"Credit Card",Takeaway,2023-04-17
TXN_8751289,Tea,2,1.5,3.0,Cash,In-store,2023-09-10
TXN_9996195,Juice,5,3,15.0,"Digital Wallet",In-store,2023-03-16
TXN_4243591,Cake,4,3,12.0,"Credit Card",In-store,2023-10-11
TXN_4138399,Cookie,5,1,5.0,"Credit Card",Takeaway,2023-07-03
TXN_1724233,Cookie,5,1,5.0,"Digital Wallet",Takeaway,2023-02-01
TXN_1564506,Smoothie,5,4,20.0,"Digital Wallet",In-store,2023-02-01
TXN_7622389,Tea,4,1.5,6.0,"Digital Wallet",In-store,2023-02-26
TXN_2204457,Coffee,4,2,8.0,Cash,Takeaway,2023-01-06
TXN_7503593,Cookie,5,1,5.0,"Digital Wallet",Takeaway,2023-04-19
TXN_5589433,Cake,2,3,6.0,Cash,In-store,2023-03-13
TXN_8043642,Salad,4,5,20.0,Cash,In-store,2023-06-12
TXN_3365018,Juice,5,3,15.0,Cash,Takeaway,2023-02-06
TXN_4592205,Cookie,3,1,3.0,"Credit Card",In-store,2023-12-30
TXN_6660755,Cookie,2,1,2.0,"Credit Card",In-store,2023-05-16
TXN_3290872,Cake,2,3,6.0,"Credit Card",In-store,2023-06-13
TXN_1145592,Juice,1,3,3.0,"Credit Card",Takeaway,2023-09-11
TXN_9485101,Cookie,2,1,2.0,Cash,Takeaway,2023-11-01
TXN_9667219,Juice,4,3,12.0,Cash,In-store,2023-10-09
TXN_3119835,Tea,2,1.5,3.0,"Digital Wallet",In-store,2023-03-01
TXN_7014091,Coffee,5,2,10.0,Cash,In-store,2023-11-26
TXN_9911498,Coffee,4,2,8.0,Cash,In-store,2023-03-27
TXN_9865855,Coffee,3,2,6.0,"Digital Wallet",Takeaway,2023-04-18
TXN_8913492,Sandwich,4,4,16.0,"Credit Card",In-store,2023-12-25
TXN_5625086,Sandwich,1,4,4.0,"Credit Card",In-store,2023-06-17
TXN_1009421,Cookie,4,1,4.0,Cash,Takeaway,2023-02-21
TXN_5369243,Smoothie,4,4,16.0,Cash,Takeaway,2023-11-16
TXN_5475746,Cake,3,3,9.0,"Credit Card",In-store,2023-08-20
TXN_6071339,Coffee,5,2,10.0,Cash,Takeaway,2023-10-17
TXN_9540864,Cookie,2,1,2.0,"Digital Wallet",Takeaway,2023-08-07
TXN_6389404,Juice,5,3,15.0,"Digital Wallet",In-store,2023-11-20
TXN_3499226,Juice,1,3,3.0,"Credit Card",Takeaway,2023-09-08
TXN_1324760,Tea,4,1.5,6.0,Cash,In-store,2023-01-18
TXN_8292441,Salad,1,5,5.0,Cash,Takeaway,2023-09-15
TXN_3792125,Salad,5,5,25.0,"Credit Card",In-store,2023-08-25
TXN_8608811,Cake,5,3,15.0,"Credit Card",Takeaway,2023-01-05
TXN_4368729,Coffee,3,2,6.0,"Digital Wallet",In-store,2023-06-11
TXN_5072156,Tea,3,1.5,4.5,"Digital Wallet",Takeaway,2023-07-24
TXN_4877933,Juice,5,3,15.0,"Digital Wallet",In-store,2023-01-12
TXN_8854384,Juice,5,3,15.0,Cash,Takeaway,2023-08-12
TXN_5644235,Salad,4,5,20.0,Cash,In-store,2023-03-25
TXN_5117595,Smoothie,4,4,16.0,Cash,In-store,2023-02-05
TXN_4356564,Coffee,2,2,4.0,"Credit Card",Takeaway,2023-10-05
TXN_6762250,Cookie,2,1,2.0,"Digital Wallet",Takeaway,2023-06-17
TXN_8553273,Juice,5,3,15.0,Cash,In-store,2023-01-15
TXN_2432379,Coffee,1,2,2.0,"Credit Card",In-store,2023-10-24
TXN_2155393,Juice,2,3,6.0,"Digital Wallet",In-store,2023-07-12
TXN_2544724,Cake,5,3,15.0,"Digital Wallet",Takeaway,2023-12-28
TXN_1035504,Smoothie,2,4,8.0,"Digital Wallet",Takeaway,2023-03-30
TXN_9781961,Coffee,1,2,2.0,"Credit Card",In-store,2023-12-01
TXN_5313347,Cookie,2,1,2.0,"Digital Wallet",Takeaway,2023-12-10
TXN_8907996,Sandwich,4,4,16.0,Cash,In-store,2023-02-19
TXN_5348915,Juice,1,3,3.0,"Digital Wallet",Takeaway,2023-07-09
TXN_6323914,Juice,1,3,3.0,"Credit Card",In-store,2023-03-19
TXN_7804128,Sandwich,5,4,20.0,"Digital Wallet",In-store,2023-02-12
TXN_2210265,Juice,2,3,6.0,"Credit Card",Takeaway,2023-06-14
TXN_5534515,Smoothie,1,4,4.0,"Credit Card",Takeaway,2023-02-09
TXN_9561380,Sandwich,1,4,4.0,"Digital Wallet",Takeaway,2023-08-11
TXN_3038078,Cookie,1,1,1.0,"Credit Card",Takeaway,2023-04-06
TXN_9749175,Cake,1,3,3.0,"Credit Card",In-store,2023-09-07
TXN_3703964,Sandwich,2,4,8.0,"Credit Card",Takeaway,2023-09-23
TXN_9202496,Cake,5,3,15.0,"Credit Card",In-store,2023-07-19
TXN_2914953,Cake,2,3,6.0,Cash,In-store,2023-07-25
TXN_1216051,Cake,4,3,12.0,"Digital Wallet",Takeaway,2023-10-28
TXN_3358494,Coffee,5,2,10.0,"Digital Wallet",Takeaway,2023-06-22
TXN_1324968,Cookie,3,1,3.0,"Credit Card",In-store,2023-01-05
TXN_3985920,Salad,5,5,25.0,"Digital Wallet",In-store,2023-03-29
TXN_7335526,Sandwich,4,4,16.0,Cash,In-store,2023-06-03
TXN_2408294,Sandwich,4,4,16.0,"Digital Wallet",In-store,2023-12-26
TXN_7380756,Salad,1,5,5.0,"Digital Wallet",Takeaway,2023-10-16
TXN_1315214,Tea,2,1.5,3.0,"Digital Wallet",In-store,2023-11-03
TXN_7602467,Cookie,1,1,1.0,"Credit Card",Takeaway,2023-10-17
TXN_4979250,Tea,3,1.5,4.5,Cash,In-store,2023-11-01
TXN_2809397,Salad,2,5,10.0,"Digital Wallet",Takeaway,2023-09-13
TXN_8752130,Juice,2,3,6.0,"Credit Card",Takeaway,2023-10-23
TXN_3106811,Juice,3,3,9.0,Cash,Takeaway,2023-09-27
TXN_6309965,Cake,5,3,15.0,"Digital Wallet",Takeaway,2023-06-14
TXN_9207050,Cookie,5,1,5.0,"Digital Wallet",In-store,2023-07-21
TXN_1938148,Cake,2,3,6.0,"Credit Card",Takeaway,2023-06-07
TXN_2024598,Sandwich,1,4,4.0,"Digital Wallet",In-store,2023-01-01
TXN_7145872,Salad,5,5,25.0,"Digital Wallet",Takeaway,2023-04-15
TXN_9004306,Coffee,4,2,8.0,"Credit Card",In-store,2023-05-26
TXN_6360436,Cake,2,3,6.0,"Digital Wallet",Takeaway,2023-09-13
TXN_5822344,Sandwich,5,4,20.0,Cash,In-store,2023-09-27
TXN_9773606,Tea,2,1.5,3.0,Cash,Takeaway,2023-12-04
TXN_9762035,Smoothie,1,4,4.0,Cash,Takeaway,2023-08-21
TXN_9657636,Cake,1,3,3.0,Cash,Takeaway,2023-07-08
TXN_1375992,Coffee,5,2,10.0,"Credit Card",In-store,2023-03-23
TXN_2077318,Juice,2,3,6.0,"Digital Wallet",In-store,2023-08-24
TXN_9096951,Smoothie,3,4,12.0,Cash,Takeaway,2023-06-28
TXN_7090165,Sandwich,5,4,20.0,"Digital Wallet",In-store,2023-08-30
TXN_9533792,Cookie,3,1,3.0,"Digital Wallet",In-store,2023-09-01
TXN_2849719,Coffee,5,2,10.0,"Digital Wallet",Takeaway,2023-06-23
TXN_9623460,Sandwich,3,4,12.0,"Digital Wallet",In-store,2023-01-17
TXN_3359704,Salad,3,5,15.0,"Digital Wallet",In-store,2023-07-23
TXN_2444408,Sandwich,2,4,8.0,"Digital Wallet",In-store,2023-05-11
TXN_3296152,Salad,3,5,15.0,"Credit Card",In-store,2023-10-20
TXN_2887411,Smoothie,2,4,8.0,Cash,In-store,2023-01-16
TXN_7543369,Tea,5,1.5,7.5,"Digital Wallet",Takeaway,2023-11-18
TXN_9561441,Tea,5,1.5,7.5,Cash,In-store,2023-11-11
TXN_3633955,Sandwich,4,4,16.0,Cash,In-store,2023-09-20
TXN_2761949,Salad,3,5,15.0,"Credit Card",In-store,2023-10-01
TXN_8062897,Smoothie,2,4,8.0,"Digital Wallet",Takeaway,2023-10-02
TXN_6866209,Smoothie,5,4,20.0,"Digital Wallet",In-store,2023-05-20
TXN_9681880,Coffee,3,2,6.0,Cash,In-store,2023-03-21
TXN_2936975,Tea,1,1.5,1.5,"Digital Wallet",Takeaway,2023-10-05
TXN_5027125,Salad,3,5,15.0,Cash,In-store,2023-07-06
TXN_2092288,Coffee,1,2,2.0,"Credit Card",Takeaway,2023-03-30
TXN_5701303,Coffee,1,2,2.0,"Digital Wallet",Takeaway,2023-09-08
TXN_5161371,Cake,2,3,6.0,"Credit Card",In-store,2023-01-17
TXN_1719440,Cookie,5,1,5.0,"Digital Wallet",Takeaway,2023-07-13
TXN_3729074,Salad,3,5,15.0,"Credit Card",In-store,2023-04-15
TXN_7217537,Salad,3,5,15.0,Cash,In-store,2023-12-19
TXN_8845592,Sandwich,5,4,20.0,"Credit Card",In-store,2023-11-12
TXN_5664467,Tea,4,1.5,6.0,"Digital Wallet",Takeaway,2023-11-06
TXN_2680626,Cake,3,3,9.0,Cash,In-store,2023-01-08
TXN_5009367,Juice,3,3,9.0,"Credit Card",In-store,2023-04-19
TXN_6401072,Smoothie,4,4,16.0,Cash,Takeaway,2023-07-28
TXN_8684125,Salad,2,5,10.0,"Credit Card",In-store,2023-03-08
TXN_8167808,Cake,3,3,9.0,Cash,In-store,2023-02-03
TXN_7753587,Cake,1,3,3.0,"Credit Card",Takeaway,2023-03-28
TXN_8242126,Salad,4,5,20.0,"Digital Wallet",In-store,2023-11-20
TXN_5685028,Cake,5,3,15.0,"Digital Wallet",Takeaway,2023-08-12
TXN_9245124,Tea,4,1.5,6.0,"Digital Wallet",In-store,2023-04-19
TXN_8619762,Smoothie,4,4,16.0,Cash,Takeaway,2023-08-05
TXN_5983031,Juice,3,3,9.0,"Digital Wallet",In-store,2023-03-09
TXN_7368648,Tea,1,1.5,1.5,"Digital Wallet",In-store,2023-03-09
TXN_1217959,Juice,2,3,6.0,"Digital Wallet",Takeaway,2023-07-28
TXN_5171332,Tea,5,1.5,7.5,Cash,Takeaway,2023-02-05
TXN_9069297,Cookie,4,1,4.0,"Credit Card",In-store,2023-01-27
TXN_1678985,Juice,2,3,6.0,Cash,In-store,2023-07-16
TXN_3131555,Sandwich,2,4,8.0,Cash,Takeaway,2023-12-04
TXN_3313000,Coffee,5,2,10.0,"Credit Card",In-store,2023-01-08
TXN_3120023,Cookie,3,1,3.0,Cash,In-store,2023-09-30
TXN_7483257,Sandwich,2,4,8.0,"Digital Wallet",Takeaway,2023-06-05
TXN_3430842,Cookie,2,1,2.0,Cash,Takeaway,2023-08-02
TXN_5118667,Coffee,4,2,8.0,Cash,In-store,2023-12-12
TXN_6989438,Sandwich,4,4,16.0,Cash,Takeaway,2023-12-17
TXN_4223466,Juice,4,3,12.0,"Digital Wallet",Takeaway,2023-05-31
TXN_6608817,Sandwich,5,4,20.0,"Credit Card",Takeaway,2023-07-17
TXN_9774691,Cake,3,3,9.0,"Credit Card",Takeaway,2023-04-11
TXN_7666909,Juice,4,3,12.0,"Credit Card",Takeaway,2023-08-29
TXN_9365558,Salad,4,5,20.0,"Credit Card",Takeaway,2023-02-12
TXN_6837601,Salad,1,5,5.0,"Digital Wallet",Takeaway,2023-02-05
TXN_1713983,Salad,2,5,10.0,Cash,In-store,2023-05-11
TXN_3465980,Cookie,4,1,4.0,Cash,Takeaway,2023-07-08
TXN_7343905,Cake,1,3,3.0,"Digital Wallet",In-store,2023-01-17
TXN_9470590,Salad,1,5,5.0,"Credit Card",Takeaway,2023-04-11
TXN_7212607,Coffee,3,2,6.0,"Digital Wallet",In-store,2023-08-06
TXN_8384628,Salad,3,5,15.0,"Credit Card",Takeaway,2023-08-22
TXN_4200340,Cake,5,3,15.0,Cash,Takeaway,2023-07-06
TXN_4778105,Juice,4,3,12.0,"Digital Wallet",In-store,2023-10-08
TXN_4278785,Salad,3,5,15.0,Cash,In-store,2023-04-29
TXN_4462052,Cookie,1,1,1.0,Cash,In-store,2023-10-12
TXN_9676940,Juice,2,3,6.0,"Credit Card",Takeaway,2023-08-16
TXN_5708913,Cake,2,3,6.0,Cash,In-store,2023-04-29
TXN_9176418,Smoothie,1,4,4.0,"Digital Wallet",Takeaway,2023-03-02
TXN_7321789,Juice,3,3,9.0,"Digital Wallet",Takeaway,2023-05-10
TXN_2152670,Tea,3,1.5,4.5,"Credit Card",In-store,2023-12-24
TXN_8696065,Smoothie,3,4,12.0,"Credit Card",In-store,2023-11-04
TXN_1250407,Cookie,1,1,1.0,"Credit Card",Takeaway,2023-11-21
TXN_1617476,Cake,2,3,6.0,"Digital Wallet",In-store,2023-02-10
TXN_9725461,Smoothie,3,4,12.0,"Credit Card",In-store,2023-11-25
TXN_1000555,Tea,1,1.5,1.5,"Credit Card",In-store,2023-10-19
TXN_9315755,Cake,5,3,15.0,Cash,Takeaway,2023-09-26
TXN_3530720,Smoothie,5,4,20.0,"Digital Wallet",In-store,2023-10-18
TXN_1410102,Salad,1,5,5.0,Cash,In-store,2023-06-23
TXN_6977098,Juice,5,3,15.0,"Credit Card",In-store,2023-06-09
TXN_7735237,Cake,2,3,6.0,"Digital Wallet",In-store,2023-01-13
TXN_5282529,Tea,5,1.5,7.5,"Credit Card",Takeaway,2023-04-13
TXN_9495930,Coffee,2,2,4.0,"Digital Wallet",Takeaway,2023-10-23
TXN_3514492,Juice,3,3,9.0,"Digital Wallet",In-store,2023-02-23
TXN_4227337,Tea,4,1.5,6.0,"Digital Wallet",Takeaway,2023-12-15
TXN_1011236,Cake,1,3,3.0,Cash,In-store,2023-02-08
TXN_6872268,Juice,2,3,6.0,"Digital Wallet",In-store,2023-01-07
TXN_6113452,Sandwich,2,4,8.0,Cash,Takeaway,2023-09-21
TXN_3026930,Cake,2,3,6.0,Cash,In-store,2023-03-23
TXN_2801651,Juice,4,3,12.0,"Digital Wallet",Takeaway,2023-07-10
TXN_5005592,Coffee,1,2,2.0,"Credit Card",In-store,2023-06-05
TXN_2182790,Tea,5,1.5,7.5,"Credit Card",Takeaway,2023-05-05
TXN_4600614,Sandwich,3,4,12.0,"Digital Wallet",Takeaway,2023-01-27
TXN_4628310,Juice,4,3,12.0,"Credit Card",Takeaway,2023-04-20
TXN_6013295,Juice,2,3,6.0,Cash,Takeaway,2023-11-07
TXN_3200195,Juice,3,3,9.0,"Digital Wallet",In-store,2023-05-04
TXN_4860027,Cookie,5,1,5.0,"Digital Wallet",Takeaway,2023-07-28
TXN_4708410,Cake,4,3,12.0,"Digital Wallet",In-store,2023-10-08
TXN_1898329,Cake,5,3,15.0,Cash,In-store,2023-04-12
TXN_8147057,Juice,1,3,3.0,"Digital Wallet",In-store,2023-08-21
TXN_5588239,Cookie,1,1,1.0,"Digital Wallet",Takeaway,2023-03-31
TXN_6575599,Coffee,5,2,10.0,"Digital Wallet",Takeaway,2023-10-09
TXN_1229376,Cake,3,3,9.0,"Digital Wallet",In-store,2023-08-14
TXN_1732216,Coffee,3,2,6.0,"Digital Wallet",Takeaway,2023-08-30
TXN_9783697,Sandwich,1,4,4.0,"Digital Wallet",Takeaway,2023-07-14
TXN_3224756,Cake,2,3,6.0,"Credit Card",Takeaway,2023-11-20
TXN_9054741,Juice,1,3,3.0,"Credit Card",Takeaway,2023-06-24
TXN_9063299,Cake,4,3,12.0,"Digital Wallet",In-store,2023-06-15
TXN_4343391,Cookie,5,1,5.0,Cash,Takeaway,2023-06-01
TXN_6877186,Cookie,2,1,2.0,"Credit Card",In-store,2023-12-05
TXN_9818498,Smoothie,3,4,12.0,"Credit Card",Takeaway,2023-09-01
TXN_9155044,Sandwich,3,4,12.0,"Credit Card",In-store,2023-02-28
TXN_5625110,Salad,3,5,15.0,"Digital Wallet",Takeaway,2023-11-07
TXN_8085790,Cookie,4,1,4.0,Cash,Takeaway,2023-10-27
TXN_6047742,Smoothie,5,4,20.0,"Digital Wallet",In-store,2023-12-11
TXN_5086795,Salad,1,5,5.0,Cash,In-store,2023-04-29
TXN_1943186,Salad,2,5,10.0,Cash,In-store,2023-12-16
TXN_3851247,Cake,1,3,3.0,"Credit Card",In-store,2023-11-23
TXN_5683213,Smoothie,2,4,8.0,"Credit Card",In-store,2023-10-30
TXN_2570829,Juice,1,3,3.0,Cash,Takeaway,2023-03-31
TXN_5190685,Cookie,4,1,4.0,Cash,Takeaway,2023-11-12
TXN_9203396,Coffee,5,2,10.0,"Digital Wallet",In-store,2023-01-08
TXN_6391414,Smoothie,4,4,16.0,Cash,In-store,2023-05-08
TXN_2613440,Juice,3,3,9.0,"Credit Card",In-store,2023-04-15
TXN_2666340,Cake,2,3,6.0,Cash,Takeaway,2023-09-29
TXN_6539480,Cake,5,3,15.0,Cash,Takeaway,2023-08-25
TXN_8157817,Tea,2,1.5,3.0,"Credit Card",Takeaway,2023-08-30
TXN_7620529,Sandwich,2,4,8.0,Cash,In-store,2023-08-08
TXN_1491670,Juice,5,3,15.0,"Credit Card",Takeaway,2023-06-28
TXN_2366464,Juice,1,3,3.0,Cash,Takeaway,2023-06-05
TXN_7994275,Smoothie,3,4,12.0,"Credit Card",In-store,2023-09-18
TXN_6034920,Cookie,1,1,1.0,"Credit Card",In-store,2023-09-09
TXN_4673812,Cookie,2,1,2.0,"Digital Wallet",Takeaway,2023-05-01
TXN_6543620,Cookie,2,1,2.0,Cash,Takeaway,2023-04-08
TXN_1605048,Cake,4,3,12.0,Cash,Takeaway,2023-03-16
TXN_2401829,Smoothie,5,4,20.0,"Digital Wallet",Takeaway,2023-02-07
TXN_5438111,Smoothie,3,4,12.0,Cash,In-store,2023-01-06
TXN_5793057,Sandwich,3,4,12.0,"Credit Card",In-store,2023-02-25
TXN_1660757,Cake,4,3,12.0,"Digital Wallet",Takeaway,2023-11-08
TXN_1469462,Cake,1,3,3.0,"Credit Card",Takeaway,2023-09-05
TXN_3711712,Salad,5,5,25.0,"Digital Wallet",In-store,2023-08-20
TXN_1268480,Salad,5,5,25.0,Cash,In-store,2023-04-18
TXN_4869107,Smoothie,3,4,12.0,"Digital Wallet",In-store,2023-01-30
TXN_3088330,Tea,5,1.5,7.5,"Digital Wallet",In-store,2023-12-08
TXN_7650834,Salad,2,5,10.0,Cash,Takeaway,2023-10-29
TXN_4107857,Tea,1,1.5,1.5,"Credit Card",Takeaway,2023-01-29
TXN_4635037,Juice,1,3,3.0,"Digital Wallet",In-store,2023-05-17
TXN_9103776,Tea,4,1.5,6.0,"Credit Card",In-store,2023-05-03
TXN_7538221,Cake,5,3,15.0,"Credit Card",Takeaway,2023-03-31
TXN_8807333,Sandwich,5,4,20.0,"Digital Wallet",In-store,2023-03-18
TXN_8006056,Juice,4,3,12.0,"Credit Card",Takeaway,2023-12-19
TXN_6022618,Smoothie,1,4,4.0,"Digital Wallet",In-store,2023-12-18
TXN_1665810,Sandwich,5,4,20.0,"Digital Wallet",In-store,2023-02-26
TXN_1399696,Cake,5,3,15.0,Cash,In-store,2023-04-08
TXN_9154381,Cookie,2,1,2.0,"Credit Card",In-store,2023-04-21
TXN_8361813,Cookie,3,1,3.0,Cash,In-store,2023-08-01
TXN_4754346,Juice,4,3,12.0,"Credit Card",In-store,2023-08-31
TXN_4939667,Salad,1,5,5.0,Cash,Takeaway,2023-01-23
